{"cameraMode":{"drawMode":0,"name":"Shaded","section":"Shading Mode"},"sceneLighting":true,"audioPlay":false,"sceneViewState":{"m_AlwaysRefresh":false,"showFog":true,"showSkybox":true,"showFlares":true,"showImageEffects":true,"showParticleSystems":true,"showVisualEffectGraphs":true,"m_FxEnabled":true},"in2DMode":false,"pivot":{"x":-0.02981463074684143,"y":2.6068499088287355,"z":0.48514389991760256},"rotation":{"x":0.07365231215953827,"y":0.04934028536081314,"z":-0.0036484806332737209,"w":0.9960557818412781},"size":1.8073949813842774,"orthographic":false}